{"changepoint_prior_scale": 1.43127305484, "changepoint_range": 0.6798165886887356, "seasonality_mode": "multiplicative", "seasonality_prior_scale": 1.3737295651789991, "yearly_seasonality": 46, "holidays_prior_scale": 3.640059803205526}