{"changepoint_prior_scale": 1.3920144309467335, "changepoint_range": 0.6699141019517454, "seasonality_mode": "multiplicative", "seasonality_prior_scale": 5.590181036333866, "yearly_seasonality": 35, "holidays_prior_scale": 3.777665219251417}