{"changepoint_prior_scale": 2.6611812344355417, "changepoint_range": 0.2815896670705831, "seasonality_mode": "multiplicative", "seasonality_prior_scale": 2.4157507948783756, "yearly_seasonality": 11, "holidays_prior_scale": 9.643337977418563}