{"changepoint_prior_scale": 2.8938167769460543, "changepoint_range": 0.1926188407659697, "seasonality_mode": "additive", "seasonality_prior_scale": 7.280011076039516, "yearly_seasonality": 11, "holidays_prior_scale": 5.403298380629446}