{"changepoint_prior_scale": 2.457893418741983, "changepoint_range": 0.5428378748833064, "seasonality_mode": "additive", "seasonality_prior_scale": 1.3471449796556871, "yearly_seasonality": 9, "holidays_prior_scale": 6.270052554804297}