{"changepoint_prior_scale": 2.6210520084175584, "changepoint_range": 0.5251222823068459, "seasonality_mode": "multiplicative", "seasonality_prior_scale": 0.08042195761255544, "yearly_seasonality": 25, "holidays_prior_scale": 9.693027972665936}