{"changepoint_prior_scale": 4.871306244121371, "changepoint_range": 0.5560224456017288, "seasonality_mode": "multiplicative", "seasonality_prior_scale": 1.7088794198147632, "yearly_seasonality": 6, "holidays_prior_scale": 6.978405381684866}