{"changepoint_prior_scale": 0.4244921071999841, "changepoint_range": 0.5809913517768008, "seasonality_mode": "multiplicative", "seasonality_prior_scale": 9.828911424092388, "yearly_seasonality": 22, "holidays_prior_scale": 0.8887575293476947}