{"changepoint_prior_scale": 4.595408466873572, "changepoint_range": 0.39984795257407557, "seasonality_mode": "additive", "seasonality_prior_scale": 1.9542650187022799, "yearly_seasonality": 8, "holidays_prior_scale": 6.025651720127003}