{"changepoint_prior_scale": 0.8071596880342716, "changepoint_range": 0.5439149562140325, "seasonality_mode": "multiplicative", "seasonality_prior_scale": 9.06114895510933, "yearly_seasonality": 2, "holidays_prior_scale": 7.887775086824131}