{"changepoint_prior_scale": 0.07985455780258022, "changepoint_range": 0.6308445118074381, "seasonality_mode": "multiplicative", "seasonality_prior_scale": 2.8800526887099718, "yearly_seasonality": 1, "holidays_prior_scale": 4.55938711061057}