{"changepoint_prior_scale": 1.337636544805589, "changepoint_range": 0.8369735409132785, "seasonality_mode": "additive", "seasonality_prior_scale": 1.2730260122143977, "yearly_seasonality": 2, "holidays_prior_scale": 0.030843532712536925}