{"changepoint_prior_scale": 1.5931465654630554, "changepoint_range": 0.8094860085899465, "seasonality_mode": "multiplicative", "seasonality_prior_scale": 7.513839504748056, "yearly_seasonality": 1, "holidays_prior_scale": 4.651245962028539}