{"changepoint_prior_scale": 4.645095922485714, "changepoint_range": 0.1559905745955309, "seasonality_mode": "multiplicative", "seasonality_prior_scale": 0.15411571461293205, "yearly_seasonality": 3, "holidays_prior_scale": 7.811462573357378}