{"changepoint_prior_scale": 4.607472958722614, "changepoint_range": 0.3478520618891973, "seasonality_mode": "multiplicative", "seasonality_prior_scale": 0.010645345301336082, "yearly_seasonality": 3, "holidays_prior_scale": 5.85810483247028}