{"changepoint_prior_scale": 0.7146530215073289, "changepoint_range": 0.8846904249248841, "seasonality_mode": "additive", "seasonality_prior_scale": 6.463166563268841, "yearly_seasonality": 1, "holidays_prior_scale": 9.859550529700375}