{"changepoint_prior_scale": 3.60573888764232, "changepoint_range": 0.6039533173844891, "seasonality_mode": "multiplicative", "seasonality_prior_scale": 2.5952011558844115, "yearly_seasonality": 1, "holidays_prior_scale": 6.728973484940802}