{"changepoint_prior_scale": 0.08234047053608823, "changepoint_range": 0.5388660728756561, "seasonality_mode": "multiplicative", "seasonality_prior_scale": 7.5614874199417095, "yearly_seasonality": 2, "holidays_prior_scale": 8.34610543352068}