{"changepoint_prior_scale": 0.11503119313803455, "changepoint_range": 0.6718152870456775, "seasonality_mode": "multiplicative", "seasonality_prior_scale": 2.4713325786849776, "yearly_seasonality": 6, "holidays_prior_scale": 1.3158739023287769}