{"changepoint_prior_scale": 0.8545401930719569, "changepoint_range": 0.1460554259064887, "seasonality_mode": "additive", "seasonality_prior_scale": 3.704093956384367, "yearly_seasonality": 4, "holidays_prior_scale": 3.051067004431894}