{"changepoint_prior_scale": 2.549328236401924, "changepoint_range": 0.8562226975789812, "seasonality_mode": "multiplicative", "seasonality_prior_scale": 0.5144785083837016, "yearly_seasonality": 17, "holidays_prior_scale": 1.0358994149501968}