{"changepoint_prior_scale": 4.46540964161638, "changepoint_range": 0.6231145848001884, "seasonality_mode": "multiplicative", "seasonality_prior_scale": 0.8728883519923382, "yearly_seasonality": 2, "holidays_prior_scale": 0.04726059069483224}