{"changepoint_prior_scale": 2.5960502206963554, "changepoint_range": 0.8830466233165165, "seasonality_mode": "additive", "seasonality_prior_scale": 2.6760767869524864, "yearly_seasonality": 2, "holidays_prior_scale": 9.36872578714568}