{"changepoint_prior_scale": 4.823017474918221, "changepoint_range": 0.41163505327097794, "seasonality_mode": "multiplicative", "seasonality_prior_scale": 0.15247560733172139, "yearly_seasonality": 2, "holidays_prior_scale": 5.013129878658199}