{"changepoint_prior_scale": 3.501880924408331, "changepoint_range": 0.8860014516658341, "seasonality_mode": "multiplicative", "seasonality_prior_scale": 0.022815663601565773, "yearly_seasonality": 2, "holidays_prior_scale": 6.62876997327385}