{"changepoint_prior_scale": 2.5020441775532154, "changepoint_range": 0.6982466503434455, "seasonality_mode": "multiplicative", "seasonality_prior_scale": 0.015651975861712637, "yearly_seasonality": 10, "holidays_prior_scale": 9.225305860059148}