{"changepoint_prior_scale": 2.402786781060354, "changepoint_range": 0.7296586193527722, "seasonality_mode": "multiplicative", "seasonality_prior_scale": 5.018268974989979, "yearly_seasonality": 12, "holidays_prior_scale": 2.9409197956300104}