{"changepoint_prior_scale": 1.4826691937383376, "changepoint_range": 0.8446463198866733, "seasonality_mode": "multiplicative", "seasonality_prior_scale": 3.0680038480516094, "yearly_seasonality": 20, "holidays_prior_scale": 9.702353558756702}