{"changepoint_prior_scale": 0.7824003131771413, "changepoint_range": 0.3433689663044106, "seasonality_mode": "multiplicative", "seasonality_prior_scale": 3.8368226868663484, "yearly_seasonality": 8, "holidays_prior_scale": 2.9323372571235184}