{"changepoint_prior_scale": 4.291132459742574, "changepoint_range": 0.7341149516688078, "seasonality_mode": "multiplicative", "seasonality_prior_scale": 8.341359037632882, "yearly_seasonality": 23, "holidays_prior_scale": 6.718185550066609}