{"changepoint_prior_scale": 2.9530042927641658, "changepoint_range": 0.7092157458072008, "seasonality_mode": "multiplicative", "seasonality_prior_scale": 2.075009048235117, "yearly_seasonality": 2, "holidays_prior_scale": 4.748317518152716}