{"changepoint_prior_scale": 2.5101809608937384, "changepoint_range": 0.7522031666683743, "seasonality_mode": "multiplicative", "seasonality_prior_scale": 2.260493819669922, "yearly_seasonality": 11, "holidays_prior_scale": 3.684381774248526}
