{"changepoint_prior_scale": 0.6123664043837449, "changepoint_range": 0.5221332298664133, "seasonality_mode": "multiplicative", "seasonality_prior_scale": 8.398174432114477, "yearly_seasonality": 6, "holidays_prior_scale": 9.797072183507584}